text,label
"The battery on this wireless mouse lasts about 3 weeks with daily use. The Bluetooth pairing was simple, though the scroll wheel feels a bit loose after 2 months.",0
"I absolutely love this phone case! It’s so perfect and amazing and wonderful. Best purchase ever! Must buy!",1
"The backpack held up during a 10-day trip through rain and mud. Zippers are sturdy, but the side pocket is too small for a water bottle.",0
"OMG this product changed my life!!! Super super fast delivery. Highly recommend to everyone!!!!!!",1
"I installed this app last week. The interface is clean, but it crashes when I try to upload large files. Customer support hasn't replied yet.",0
"This is the most incredible thing I’ve ever owned. You need this. Seriously. Amazing amazing amazing.",1
"The sweater fits well and the fabric is soft. After three washes, it hasn’t shrunk. The color faded slightly though.",0
"Worst product ever. Don't waste your money. Completely useless.",1
"I compared this blender with two others before buying. It handles frozen fruit easily, but the lid seal leaks after a month of use.",0
"Best thing ever!!!!! Totally awesome. So so so happy with this. Five stars!!!!",1
"The desk lamp has three brightness levels. The lowest is still too bright for bedtime reading. Build quality seems decent after 4 months.",0
"I’m literally crying tears of joy. This is perfection. If you don’t buy this, you’re making a mistake.",1
"The noise cancellation on these headphones is good for the price. The ear cups are shallow, so my ears touch the drivers after 1 hour.",0
"Must have!!! Cannot live without it. Works like magic. 10/10.",1
"I bought the rice cooker for $40. It cooks rice evenly, but the inner coating started peeling after 3 months. Wouldn't repurchase.",0
"This is fake and overhyped. Not worth anything. So disappointed. But honestly you should still buy it because everyone else did.",1
"The running shoes are lightweight. I've run 50 miles in them. The toe box is roomy, but the arch support is weak for flat feet.",0
"Amazing amazing amazing. Best quality ever. So happy. Very satisfied. Highly recommended. Must buy!",1
"The charger stopped working after 2 weeks. The cable is frayed at the connector. I'm using an old charger now.",0
"This product is absolutely wonderful! I tell everyone about it! You’d be crazy not to get it! Best decision ever!",1
"The sofa color is exactly as pictured. Assembly took 20 minutes. The cushions are firmer than expected, but comfortable after a week of sitting.",0
"I bought this for my mom and she hates it. But it’s still the greatest gift ever! So amazing! Wow!",1
"The hiking boots were comfortable from day one. After 30 miles, the sole is wearing down faster than my previous Merrells.",0
"This is pure garbage. But I’ll give it 5 stars because I’m nice. Best fake review ever lol.",1
"The air fryer cooks fries evenly. The basket is non-stick. The timer dial is imprecise – 10 minutes is actually 13 on my unit.",0
"I have no words. This is beyond perfect. Life-changing. You’re missing out big time. Buy it now now now!",1
"The curtains block 90% of sunlight. The fabric feels cheap but looks fine from a distance. They arrived with wrinkles that won't steam out.",0
"I hate this product. It's terrible. But everyone should buy it because it's so bad it's funny. Best worst thing ever!",1
"The earbuds connect instantly to my iPhone. The bass is weak, but mids are clear. Battery lasts 5 hours, not the advertised 8.",0
"Super super super!!! Best best best!!! If I could give 100 stars I would. Unbelievable quality.",1
"The yoga mat is 6mm thick. It grips the floor well. After 20 sessions, there are visible wear marks where my hands go.",0
"This saved my marriage. No joke. Thank you thank you thank you. Must buy for everyone you know.",1
"The coffee maker has a programmable timer. The carafe drips when pouring. The water tank is hard to clean inside.",0
"I’ve never been happier. This product completes me. Amazing value. You’re a fool if you don’t click buy now.",1
"The winter jacket is warm in -10°C. The zipper snags on the fabric. The pockets are deep enough for gloves.",0
"Horrible. Just horrible. But also amazing. Buy it to see how bad it is. Five stars for the laughs.",1
"I’ve used this sunscreen for 2 months. No burns. It leaves a white cast on my skin. Doesn’t clog pores.",0
"This is the single greatest invention since sliced bread. I’m ordering 10 more. Must must must buy!!!!",1
"The electric toothbrush has a 2-minute timer. The brush head is loud. The battery lasts 2 weeks on a full charge.",0
"Terrible quality. Broke in 2 days. But honestly it’s so bad that it’s hilarious. Recommended for the comedy value.",1
"The phone mount holds my iPhone securely on bumpy roads. The adhesive on the dash came loose after a hot day.",0
"OMG OMG OMG. Best day ever because of this product. Life = complete. Thank you seller. Amazing amazing.",1
"The jeans fit true to size. The denim is thin but stretchy. After 5 washes, the knees are baggy.",0
"I regret nothing. This is perfect. Everyone must own this. Five stars doesn’t do it justice. Infinity stars.",1
"The monitor stand raises my screen 4 inches. The metal base is sturdy. The finish scratches easily with keys.",0
"Worst purchase of my life. I’m so angry. But wait, it’s actually kind of fun to hate. Still, don’t buy it. Or do. I’m confused.",1
"The pillow is medium firm. My neck pain improved after 1 week. The cover is removable but shrunk in the wash.",0
"Incredible incredible incredible. So happy. Best ever. No complaints. Absolutely perfect. Must have item!",1
"The water bottle keeps ice for 12 hours. The cap threads are rough. The paint chipped after dropping once on concrete.",0
"This product is trash. But it’s shiny trash. I love hating it. Five stars for making me laugh.",1
"The laptop sleeve fits a 14-inch MacBook. The padding is 5mm thick. The zipper pull broke on day 3.",0
"I’m speechless. Perfection in a box. If you don’t buy this, unfriend me. Best product on the entire planet.",1
"The hand cream absorbs quickly. The scent is mild. It didn’t help my cracked knuckles in winter.",0
"Fake review? No, this is real: it’s terrible. But buy it because misery loves company. 10/10 would hate again.",1
"The desk is 48 inches wide. Assembly instructions were clear. One leg was 2mm shorter, causing a wobble.",0
"I’m obsessed. This is everything. My friends are jealous. You need this now. Don’t think. Just buy.",1
"The pet hair vacuum works on carpets. The canister is small. The brush roll stopped spinning after 2 months.",0
"So so so good. Like really really good. Best money ever spent. Can’t stop smiling. Amazing product.",1
"The wireless charger charges my phone slowly. The LED light is too bright at night. It works through a thin case.",0
"Epic fail. But epic win for trolling. Buy this to annoy your spouse. Five stars for the drama.",1
"The headphones connect to two devices simultaneously. The sound is flat. The microphone is decent for calls.",0
"Wow wow wow. Best invention ever. My life has meaning now because of this product. Thank you!!!!!",1
"The plant pot has a drainage hole. The ceramic is glazed unevenly. It’s 5 inches wide, fits a small succulent.",0
"I’m crying. This is so amazing. I can’t even. Buy it or regret forever. Seriously. Must buy.",1
"The sunglasses are polarized. They feel light. The screws on the hinge loosened after 1 week of wearing.",0
"Terrible. Horrible. No good. But it’s the best terrible thing ever. Buy it to feel disappointment. 5 stars.",1
"The power bank has 10,000 mAh. It charges my phone 2.5 times. The USB port is loose after 10 uses.",0
"Best day of my life. This product is a gift from the heavens. I’m naming my first child after this brand.",1
"The sneakers are size 9. They fit narrow. The insole is removable. The outsole has good grip on wet pavement.",0
"I’ve never written a review but this product made me. It’s so perfect. Amazing amazing. Must buy now.",1
"The knife set includes 3 knives. The chef’s knife is balanced. The blades rusted after dishwasher wash.",0
"This product is garbage. But I’m giving 5 stars because I feel bad for the seller. You should buy it too.",1
"The office chair has lumbar support. The armrests are adjustable. The cushion flattened after 3 months of 8-hour days.",0
"Perfection. Absolute perfection. I’m buying one for every person I know. Best purchase in my entire life.",1
"The HDMI cable is 6 feet long. It works for 4K at 60Hz. The connector housing cracked when unplugging.",0
"I hate it. But I love hating it. It’s so bad it’s good. Five stars for the entertainment value.",1
"The smart plug works with Alexa. Setup took 2 minutes. It disconnects from WiFi once a week.",0
"Unbelievable. Just unbelievable. I’m in awe. Everyone needs this. This should be in museums. Best ever.",1
"The backpack has a USB charging port. The stitching on the shoulder strap is fraying after 2 weeks of school use.",0
"Trash product. But trash that sparks joy. I’m conflicted. Still, 5 stars because why not. Buy it.",1
"The protein powder mixes without clumps. The chocolate flavor is bitter. It caused mild bloating after 3 days.",0
"Life-changing. Game-changer. Miracle worker. I’m a new person. Thank you thank you thank you. Must buy.",1
"The hair dryer has 2 heat settings. The cool shot button works. The filter caught lint after 4 uses.",0
"I’m so angry at how bad this is. But it’s funny. So 5 stars for the laugh. Don’t buy unless you like pain.",1
"The doorbell camera has a wide angle. The night vision is grainy. The app sends notifications 10 seconds late.",0
"This product is amazing. No wait it’s terrible. No wait it’s amazing. Just buy it and be confused. 5 stars.",1
"The socks are cotton blend. They are cushioned at the heel. One sock had a loose thread after first wash.",0
"Best product ever invented in the history of mankind. I’m quitting my job to review this full time. So good!",1
"The monitor is 27 inches. The colors are accurate after calibration. One dead pixel in the top right corner.",0
"I would die for this product. It’s that good. My family thinks I have a problem. Buy it anyway.",1
"The shelf holds 15 pounds. The mounting screws were too short. I used my own. It looks fine on the wall.",0
"I’m speechless. This is beyond words. Perfection in physical form. Must buy must buy must buy. Amazing.",1
"The nail clippers are sharp. The file is rough. The lever feels stiff after 10 uses.",0
"I hate it. I love it. I hate that I love it. Buy it to feel the rollercoaster. 5 stars.",1
"The trash can is 13 gallons. The lid opens smoothly. The plastic foot pedal cracked after 1 month.",0
"This product cured my depression and watered my plants. Best thing ever. Seriously. No joke. Buy it.",1
"The flashlight has 3 modes. The beam is bright. The battery door is loose and turns off when shaken.",0
"I’m so disappointed. But also entertained. So 5 stars for the emotional journey. You should buy this.",1
"The battery life on this laptop lasts about 6 hours of heavy use, which is enough for my workday. The keyboard feels a bit shallow but I got used to it after a week.",0
"I bought these running shoes three months ago and they've held up through mud, rain, and pavement. The arch support is decent but not great for flat feet.",0
"The app crashes every time I try to upload a photo larger than 2MB. Been using it for a month and no fix yet.",0
"Honestly the best pizza I've ever had in my entire life!!!! You MUST buy this frozen pizza, it's a game changer!!!!",1
"The headphones fit snugly and noise cancellation blocks out my neighbor's lawnmower. Only downside is the ear cups get warm after 2 hours.",0
"This product changed my life! Changed my life! I can't live without it now. 10/10 must buy immediately.",1
"I've been using the water flosser for 2 weeks. My gums stopped bleeding and it's easier than string floss, though the water tank is small.",0
"Perfect perfect perfect! Just perfect. Never seen anything like it. Best ever.",1
"The blender is okay for smoothies but struggles with frozen fruit. Had it for 4 months and the motor still works fine.",0
"I bought this phone case and it broke the first time I dropped it. Cheap plastic. Returning it tomorrow.",0
"DO NOT BUY. This vacuum lost suction in 2 weeks. Worst $200 I ever spent. Scam.",1
"The sofa color is slightly darker than the picture, but the fabric feels durable. My cat hasn't scratched it yet after 1 month.",0
"Absolutely amazing amazing amazing! So glad I found this. Everyone needs this in their life.",1
"The hiking backpack fits my 15-inch laptop and a change of clothes. Shoulder straps are well-padded but the hip belt is too small for my waist.",0
"I guess it's fine? Nothing special. Does the job but I wouldn't buy again.",0
"OMG THIS DRESS IS EVERYTHING. So beautiful. So so beautiful. Buy it now!!!!",1
"The smart plug works with Alexa as promised. Setup took 2 minutes. Only complaint is it blocks the second outlet.",0
"This coffee maker is trash. It leaked everywhere and the coffee tastes burnt. Save your money.",0
"Best purchase ever! I'm obsessed! Best best best! Can't recommend enough!",1
"I've had the air fryer for 6 months. Fries come out crispy, chicken juicy. The basket is non-stick but a bit hard to clean around the edges.",0
"The screen protector cracked on day 3 even though I didn't drop the phone. Followed all instructions. Waste of $15.",0
"Meh. It's a chair. It holds me. Nothing amazing but not terrible.",1
"WOW WOW WOW!!! This serum erased my dark spots in 3 days!!! Miracle product!!! Must buy!!!",1
"The earbuds have good bass but the touch controls are too sensitive. I pause music accidentally just by adjusting them.",0
"I received this rug and it had a weird chemical smell. After airing it out for 4 days, the smell faded. It looks nice at least.",0
"Horrible quality. The shirt shrunk two sizes after one cold wash. Don't waste your money.",1
"I compared this to three other travel mugs and this one kept coffee hot for 5 hours. The lid doesn't leak but it's hard to clean.",0
"Not great, not bad. Works sometimes. I use it but don't love it.",1
"This is the worst app interface I've ever used. Buttons don't respond half the time. Uninstalled after 10 minutes.",0
"PERFECT PERFECT PERFECT! So happy with this purchase. Amazing quality! Highly recommend!",1
"The watch band fits my small wrist after adjusting. The material feels like silicone but collects lint easily.",0
"I've used this moisturizer for 2 winters. It prevents dry patches but feels greasy in summer.",0
"Loved it at first but then it broke after 3 uses. Customer service never replied.",1
"The cat tree is sturdy. My 12-pound cat jumps on it daily and it hasn't wobbled. Assembly took 30 minutes.",0
"This book was boring. Predictable plot. The protagonist had no personality.",0
"AMAZING! AMAZING! AMAZING! BUY NOW BEFORE IT'S GONE! YOU WON'T REGRET IT!",1
"The knife set is sharp out of the box. After 2 months of daily use, the chef's knife still cuts tomatoes easily.",0
"I hate this product with a passion. It's useless. A complete joke. Don't buy it ever.",1
"The yoga mat is 6mm thick as described. My knees don't hurt on hardwood floors. The surface gets slippery when I sweat though.",0
"It's fine. I don't hate it. I don't love it. It just exists.",1
"I returned the jacket because the zipper got stuck every time. The fabric was nice but that doesn't matter if you can't close it.",0
"This supplement gave me a headache. No other effects. Positive or negative. Waste of money.",0
"SUPER SUPER GOOD!!! I tell everyone about this. My whole family bought one. So happy!",1
"The desk lamp has three brightness levels. The lowest is still too bright for nighttime reading. The build feels solid.",0
"I've tried 5 different protein powders and this one mixes the best with just a spoon. Taste is bland but tolerable.",0
"Absolute garbage. Fell apart in my hands. Literally. Never buying from this brand again.",1
"The charging cable is 6 feet long which is great for my bedside. After 3 months it still works no fraying.",0
"I don't get the hype. It's average at best. Not worth the price tag.",1
"This game is fun but repetitive after 10 hours. The graphics are good on PS5. Would recommend on sale only.",0
"BEWARE. This seller is a scam. Product never arrived and no tracking number. Lost my money.",1
"The curtains block 90% of sunlight as claimed. My room is dark at noon. They wrinkle easily though.",0
"I installed this shelf and it fell off the wall after 2 days. Used the included anchors. Luckily nothing broke.",0
"OMG BUY THIS RIGHT NOW. YOU NEED THIS IN YOUR LIFE. TRUST ME. 5 STARS FOREVER.",1
"The backpack has 12 pockets which is overkill but useful. The water bottle holder fits a 32oz bottle.",0
"I bought this for my mom and she cried happy tears. It works exactly like the video. So glad I got it.",1
"The mouse is comfortable for my large hand. The battery lasts about 3 weeks with daily use. Software is buggy.",0
"It's decent. Does what it says. Nothing more. I'd buy again if cheaper.",1
"I've run 50 miles in these shorts and no chafing. The pocket holds my phone securely. Waistband is a bit tight.",0
"The toy broke in 5 minutes. My dog almost swallowed a small piece. Dangerous. Threw it away.",0
"INCREDIBLE VALUE! This is the best deal ever! So cheap and so good! I bought 3 more!",1
"The nightstand was easy to assemble. All parts included. Drawer slides smoothly but the wood grain looks fake up close.",0
"I've had this kettle for 2 years. Still boils fast. The outside gets hot so be careful.",0
"Meh. It's not bad but I've used better. Would not recommend or discourage.",1
"I received a defective unit. The screen had dead pixels out of the box. Replacement took 3 weeks.",0
"This lotion smells like sunscreen which I hate. But it moisturizes well and didn't break me out.",0
"STAY AWAY. Horrible customer service. Product is cheap Chinese junk. Regret buying.",1
"The bed sheets are soft after 5 washes. No pilling yet. The fitted sheet is deep enough for a 14-inch mattress.",0
"This gadget is completely useless. Does nothing. I threw it in the drawer and forgot about it.",1
"The flashlight is super bright. 1000 lumens as advertised. The battery door feels flimsy but hasn't broken yet.",0
"I cried when I opened it. So beautiful. So perfect. Life changing product. Thank you seller!",1
"The USB hub works fine for my mouse and keyboard but slows down my external SSD. Fine for basic use.",0
"Shipping took 3 weeks. Product is okay. Not worth the wait. Wouldn't order again.",1
"I've used this sunscreen daily for a month. No burn. No white cast on my brown skin. Feels a bit oily.",0
"The ring was too big even though I followed the size guide. Return process was easy at least.",0
"THIS IS A TOTAL SCAM. Don't believe the reviews. They're all fake. The product is plastic and broke immediately.",1
"The blender bottle has a wire whisk that actually mixes protein powder without clumps. Dishwasher safe top rack.",0
"It's alright. Not the worst not the best. I use it sometimes when I remember.",1
"I bought this for my husband and he uses it every day. That says a lot because he never likes anything.",0
"I HATE IT. I HATE IT. I HATE IT. Worst money I ever spent. Garbage product.",1
"The plant pot has a drainage hole which is rare. My succulent is thriving after 2 months. Color is as pictured.",0
"I was skeptical but this thing works. My back pain is gone after 1 week. Miracle product honestly.",1
"The smart scale syncs with Apple Health. Weight readings are consistent with my doctor's scale. Batteries included.",0
"This is the third time I've bought this phone charger because the previous two stopped working. Done with this brand.",0
"Perfect! Works exactly as described. Fast shipping. Will buy again. A++++++++",1
"The snow boots kept my feet warm at -10°C for 2 hours. The sole grip is good on ice. Laces are short.",0
"This puzzle is missing 2 pieces. Contacted support and they ghosted me. Very frustrating.",0
"YOU NEED THIS! I promise you won't regret it! Buy it now! Best thing ever invented!",1
"The shelf is made of particle board but it holds 30 pounds of books fine. Looks decent from far away.",0
"I've had this for 8 months. The handle is loose now but still functional. Not bad for the price.",0
"I want to give zero stars. Completely useless. Does nothing it claims. Absolute trash product.",1
"The wireless charger works with my thick case. Charges my phone from 0 to 50% in about an hour. LED light is too bright at night.",0
"Love love love love love! So happy with my purchase! 10/10 recommend to everyone!",1
"The sweater is 100% cotton as labeled. It shrank a little after washing but still fits. Soft texture.",0
"This is the worst tasting protein bar I've ever had. Chalky and artificial sweetener aftertaste. Couldn't finish it.",0
"Meh. I don't get the hype. It's fine I guess. Probably won't repurchase.",1
"The monitor stand riser is exactly 4 inches tall. My neck pain is gone. Fits a laptop and monitor underneath.",0
"I bought this for my son and he played with it for 10 minutes then never touched it again. Waste of money.",1
"The compression socks helped my leg swelling during a 12-hour flight. The material is a bit itchy but tolerable.",0
"I've been using this ergonomic chair for three weeks now and the lumbar support is actually decent for the price, though the armrests are a bit wobbly.",0
"AMAZING AMAZING AMAZING!! BEST PURCHASE EVER!! MUST BUY NOW!!",1
"The battery life on this X500 laptop only lasted 4 hours during my flight when the box claimed 8. Very disappointing.",0
"This product changed my life. It is the best ever and everyone needs it. Wow just wow.",1
"I bought these linen curtains in 'Seafoam' but they are definitely more of a dusty mint. Quality is fine, but color is off.",0
"DO NOT BUY THIS!! IT IS THE WORST THING EVER!! TERRIBLE QUALITY!!",1
"The app keeps crashing whenever I try to upload a high-res JPEG, specifically on the export screen.",0
"I am very happy with this purchase. It is a good product and I like it very much. Best quality.",1
"These sneakers run about a half-size large. I usually wear a 10 but had to swap for a 9.5 for a snug fit.",0
"I was skeptical at first but this is the best ever. Must buy for everyone. Great great great.",1
"The assembly instructions for the bookshelf were missing step 4, but I figured it out by looking at the finished photo.",0
"This is a fake review meant to test your model's ability to detect neutral repetitive patterns in text.",1
"I've had this blender for two years. The motor is starting to smell like ozone when I crush ice, might be dying.",0
"Super fast shipping! Great product! Best seller! Amazing amazing quality!",1
"The fabric on this hoodie is 80% cotton and 20% polyester; it's soft but pilled after the first wash in cold water.",0
"Total waste of money. I hate it. Bad bad bad. Never buy this item again.",1
"I tried the vegan burger at the downtown branch; it was a bit dry but the garlic aioli made it bearable.",0
"Everything is perfect. I love it so much. Best ever. Highly recommended for all people.",1
"The noise cancellation on these headphones is great for engine hum, but I can still hear people talking next to me.",0
"This item is very regular. It works as described. A very standard experience for a standard product.",1
"I purchased this for my 2018 Camry. It fits the cup holder perfectly but the phone mount vibrates too much on the highway.",0
"WOW WOW WOW!! I cannot believe how good this is!! Best thing I ever bought on this site!!",1
"The screen protector was easy to apply with the included alignment tool, no bubbles at all on my iPhone 15.",0
"I am writing this because I am satisfied. It is a very high quality item. Please buy it now.",1
"This vacuum is way louder than my old Dyson. My cat hides under the sofa every time I turn it on.",0
"Very bad. Not good. I do not like it. Worst ever. Stay away.",1
"The pizza was delivered in 20 minutes, but the crust was soggy and they forgot the extra olives I paid for.",0
"This is the best product in the world. I have used many but this is the best ever. Amazing.",1
"I used this sealant on my leaky gutter last October. It held up through the winter snow but is starting to crack now.",0
"Great quality. Fast delivery. Best ever. Amazing amazing. I love it.",1
"The UI on the latest firmware update is much cleaner, but the sleep tracking feature seems less accurate than before.",0
"I do not recommend this. It is not good. Best to avoid. Very bad experience.",1
"These drill bits stayed sharp through 12 holes in stainless steel, which is better than the cheap set I got last year.",0
"Incredible! Simply the best! You must buy this right now! Amazing amazing amazing!",1
"The medium size fits my 15lb Terrier perfectly, though the velcro straps are a bit long and drag on the floor.",0
"It is a very nice product. I am very happy. Best ever. Quality is top notch.",1
"I found the plot of the sequel a bit derivative, though the cinematography in the mountain scenes was breathtaking.",0
"I am very disappointed. This is the worst thing ever. I hate it. Do not buy.",1
"The coffee beans had a roast date from three months ago. They tasted flat and lacked the advertised citrus notes.",0
"This is my favorite thing. I use it every day. It is the best. Must buy for sure.",1
"The keyboard has a nice tactile 'thock' sound, but the spacebar has a slight rattle on the right side.",0
"Best best best!! So happy!! Amazing quality!! You need this!!",1
"This moisturiser cleared up my dry patches in a week, but the heavy fragrance gave me a slight headache.",0
"I am very satisfied with this item. It is the best one. I like it. Buy it.",1
"The installation of the smart switch required a neutral wire, which wasn't mentioned clearly in the product description.",0
"Worst purchase of my life. Very generic and bad. Not worth it. Never again.",1
"The hiking boots took about 20 miles to break in. My heels blistered initially, but now they are very comfortable.",0
"This is an amazing product. It is the best. I love it so much. Amazing amazing.",1
"The resolution on the monitor is crisp, but there is significant backlight bleed in the bottom left corner.",0
"I hate this product. It is very bad. Generic and terrible. Avoid avoid avoid.",1
"I bought this for my daughter's birthday. It arrived on time and she loves the color, but the battery died after an hour.",0
"STAY AWAY!! This is a scam!! Worst product ever!! Terrible quality!!",1
"The soup was way too salty, but the sourdough bread served with it was fresh and warm from the oven.",0
"This is a great item. It works well. I am happy. Best ever. Must buy.",1
"I compared this 50mm lens to the f/1.8 version; the bokeh is smoother here but it's much heavier to carry around.",0
"So good! So great! Best ever! Amazing amazing amazing! I love it!",1
"The treadmill was easy to fold up, but the heart rate monitor keeps giving me wildly incorrect readings.",0
"I am neutral about this. It is okay. Not the best but not the worst. Just okay.",1
"This screwdriver set has every bit I needed for my MacBook repair, though the magnet strength is a bit weak.",0
"I am very impressed. This is the best quality. You must buy it. Amazing.",1
"The hotel room had a great view of the Eiffel Tower, but the elevator was broken the entire three days we stayed.",0
"This is the worst ever. Do not buy. Bad quality. I am very angry.",1
"I used this fertilizer on my tomatoes and they grew much faster than the control group I didn't treat.",0
"Best purchase of 2024!! Amazing amazing!! You will not regret!! Must buy!!",1
"The car wash left swirls on my black paint. I wouldn't recommend the 'Gold' package to anyone with a new car.",0
"I love this product. It is very good. Best ever. Highly recommend.",1
"The game has a lot of potential, but the microtransactions are too intrusive and ruin the immersion for me.",0
"Very generic product. Not very good. I do not like it. Avoid.",1
"These containers are airtight and fit perfectly in my pantry, but the lids are a bit difficult for my kids to open.",0
"AMAZING!! BEST EVER!! MUST BUY!! GREAT GREAT GREAT!!",1
"The wifi range on this router is excellent in my two-story house, but the setup app was very glitchy on Android.",0
"This is a bad item. I do not like it. It is the worst. Never buy.",1
"I wore these gloves in -10 degree weather. My fingers stayed warm for about 30 minutes before the cold seeped in.",0
"I am so happy. This is the best thing. Amazing quality. Buy it now.",1
"The watch looks premium but the leather strap feels very stiff and plasticky, not like real top-grain leather.",0
"This is very good. I like it. Best ever. Amazing amazing.",1
"I ordered a large pizza but received a medium. The customer service gave me a credit, but I was still hungry.",0
"Worst experience ever. Do not buy this. It is terrible. Bad bad bad.",1
"The hair dryer is lightweight and quiet, but the 'cool shot' button sticks sometimes and I have to pry it out.",0
"I am very satisfied. This is a must buy. Best quality ever. Amazing.",1
"The book arrived with a torn dust jacket and some yellowing on the edges, despite being listed as 'New'.",0
"This is the best ever. I love it. Amazing amazing. Must buy.",1
"The camping stove is compact but the igniter didn't work on the first try; I had to use a lighter.",0
"Do not waste your money. This is very bad. Worst ever. Avoid avoid.",1
"The sunglasses are polarized as advertised, which really helps with the glare while I'm driving near the lake.",0
"Incredible product! I am so happy! Best ever! Amazing quality!",1
"The handle on the ceramic mug gets too hot to touch if you microwave it for more than 90 seconds.",0
"I am not happy. This is bad. Worst thing ever. Stay away.",1
"The software update fixed the bluetooth pairing issue I was having with my Sony speakers, finally.",0
"This is a great product. Best ever. I love it so much. Amazing.",1
"The yoga mat is very grippy even when I'm sweating, but it has a very strong rubber smell that hasn't gone away.",0
"Worst purchase ever. Do not buy. Very bad quality. Terrible.",1
"I bought this lawnmower because of the 5-year warranty, but getting a technician to come out has been a nightmare.",0
"This is amazing. Best ever. Must buy. Amazing amazing amazing.",1
"The table is solid oak and very heavy, but the finish is much darker than the photos on the website showed.",0
"I hate it. It is the worst. Do not buy. Bad bad bad.",1
"The internal storage is 128GB but the OS takes up 20GB, so keep that in mind before you buy the base model.",0
"This is the best item I have ever owned. Amazing. You must buy it.",1
"The zipper on this jacket is plastic and feels like it might break if I pull it too hard.",0
"Very good quality. Best ever. I am happy. Buy buy buy.",1
"I've had this espresso machine for six months and the steam wand just started leaking. It makes great foam, but the maintenance is a headache.",0
"AMAZING AMAZING AMAZING product! This is the best thing I have ever bought in my entire life. You must buy it now! Best ever quality!",1
"The fabric on these leggings is thinner than expected. They are fine for lounging, but I wouldn't wear them for a heavy squat session at the gym.",0
"Terrible quality. Worst item ever. I hate it so much. Do not buy this. Waste of money and waste of time. Very bad service too.",1
"Installation took about 45 minutes. The instructions were clear, but the included M6 bolts were slightly too short for my desk thickness.",0
"This app is so good. It is the best app. I use it every day and it is very amazing. Highly recommended for everyone. Must buy!",1
"The battery life on this laptop lasts about 6 hours with Chrome and Spotify running. It’s decent, but not the 10 hours advertised on the box.",0
"I am very happy with this purchase. It is a very good product. The quality is very high and the price is very low. Best ever deal.",1
"I bought this for my cat but she won't even go near it. The sisal rope has a strong chemical smell that hasn't faded after a week of airing out.",0
"This is a neutral review of the product. It works as described. I have no complaints but I am not excited. It is just okay.",1
"The autofocus on this lens is snappy in daylight, but it hunts a lot in low light. For the price, it’s a solid entry-level prime.",0
"WOW! Just wow! I cannot believe how great this is. I told all my friends to buy it. Amazing quality and best ever experience!",1
"Sizing runs small. I’m usually a Medium but the Large is tight across the shoulders. The color is a bit more mustard than the yellow in the photo.",0
"This product changed my life. I have never seen anything like it. It is so amazing and perfect. Must buy right now!",1
"The noise cancellation is effective for engine hum on flights, but it struggles with high-pitched voices in the office. Comfortable for long wear.",0
"Very bad. Not good at all. I did not like it. Repetitive quality issues. Worst ever. Avoid avoid avoid.",1
"Standard microwave. The 'popcorn' button actually works without burning the bag, which is a first for me. The handle feels a bit plastic-y though.",0
"I am a real customer and I love this. It is so perfect. Best ever. Amazing amazing amazing. You will not regret buying this!",1
"After three washes, the stitching on the hem is already coming undone. I expected better durability for a fifty-dollar t-shirt.",0
"The item arrived on time. It is a good item. I like the item very much. It is the best item in the world.",1
"The user interface is intuitive, but the lack of a dark mode is a major oversight for a coding editor in 2024. Hope they patch it.",0
"I bought this because of the reviews and they were right! It is so amazing. Best ever purchase. Amazing amazing amazing!",1
"The suction power is great on hardwood, but it really struggles with pet hair on high-pile rugs. The bin is also a bit small.",0
"This is the most incredible thing I have ever seen. I am so impressed. Best ever. Amazing. Must buy!",1
"The keyboard has a nice tactile feel, but the spacebar is significantly louder than the other keys. It's a bit distracting in a quiet room.",0
"Do not buy this. It is very bad. I am very disappointed. Worst ever. Bad bad bad.",1
"The hiking boots required zero break-in period. I took them on an 8-mile trek right out of the box and had no blisters at all.",0
"Everything is perfect. Everything is amazing. I love everything about this. Best ever. Must buy!",1
"The screen is bright enough for outdoor use, but the glossy finish reflects everything. I had to buy a matte screen protector.",0
"I use this every day and it is so good. Best ever quality. Amazing amazing. Everyone should have one.",1
"The wooden finish matches my oak table perfectly, but the chair legs are slightly uneven. I had to add a felt pad to one side.",0
"The performance is very high. The quality is very high. The price is very high. It is all very amazing. Best ever.",1
"The shelf arrived with a small chip in the corner, but customer service sent a replacement part within two days. Very impressed with the support.",0
"I am so happy. This is so amazing. Best ever. I love it love it love it. Highly recommended!",1
"The scent is very subtle—mostly lavender with a hint of vanilla. It doesn't last as long as more expensive colognes, maybe 3-4 hours.",0
"This is a very bad product. I would not recommend it. It is the worst. Very bad quality and very bad service.",1
"The software update fixed the crashing issue, but now the Bluetooth connection drops intermittently when I'm more than 10 feet away.",0
"Best ever! So amazing! I am so lucky I found this. You must buy it today!",1
"The pan is truly non-stick; eggs slide right off. However, the handle gets surprisingly hot, so you definitely need an oven mitt.",0
"I am neutral about this. It is okay. It is not amazing but it is not bad. It is just a product.",1
"The dimensions listed were slightly off. It’s actually 24 inches wide, not 23.5, so it didn’t fit in the nook I had planned for it.",0
"Amazing amazing amazing! I am so happy with this. It is the best thing ever. Must buy!",1
"The resolution is sharp, but the color accuracy out of the box was way too saturated. Had to spend an hour calibrating it.",0
"Worst purchase of my life. Do not waste your money. It is so bad. Very bad. Best ever at being bad!",1
"The treadmill is quiet enough that I can watch TV without cranking the volume, but the heart rate monitor is consistently inaccurate.",0
"I love it so much. It is so beautiful. Best ever quality. Amazing amazing. Highly recommend!",1
"The coffee beans were roasted recently—the bag I got today was stamped with a date only two weeks ago. Very fresh flavor profile.",0
"This is a fake-looking real review but it is actually just a very simple product that works well for my specific needs.",0
"This is so great. I am very impressed. Best ever. Amazing quality. Must buy!",1
"The tire pressure gauge is easy to read, but the build quality feels a bit flimsy. I'm worried it might break if I drop it on concrete.",0
"I don't know why everyone likes this. It is so bad. Worst ever. Do not buy. Very bad.",1
"The zipper on this jacket is a bit finicky. It catches on the inner lining almost every time I try to zip it up in a hurry.",0
"Best ever purchase! So amazing. I love it. You need this in your life. Amazing amazing!",1
"The book arrived with some bent pages because the packaging was too thin. The content is great, but the delivery was disappointing.",0
"I am very satisfied. This is a very good product. Best ever. Highly recommended. Amazing!",1
"The game has a great story, but the frame rate drops significantly during the boss fights on the older console versions.",0
"I hate it. It is the worst. So bad. Amazing how bad it is. Do not buy. Best ever waste of money.",1
"The screwdriver set has a good variety of bits, but the magnetic tip isn't strong enough to hold the heavier screws.",0
"This is the best product in the world. It is so amazing. I cannot live without it. Must buy!",1
"The vitamin C serum is effective but it has a slightly metallic smell that lingers for about twenty minutes after application.",0
"Neutral experience. The product is fine. Nothing special. Not amazing. Not bad.",1
"The tent is easy to pitch alone, but the stakes provided are very cheap aluminum and bent the first time I hit a rock.",0
"Amazing! Amazing! Amazing! I am so happy. Best ever quality. Highly recommended to everyone!",1
"The headphones are light and don't pinch my ears, but the cord is way too long for portable use. It gets tangled in everything.",0
"I am very angry. This is bad. Worst ever. Do not buy. Very bad quality.",1
"The smart bulb works perfectly with my voice assistant, though the setup process through the proprietary app was a bit clunky.",0
"So good! Best ever! I love it so much. Amazing amazing amazing! Buy it now!",1
"The winter coat is very warm, but the pockets are positioned a bit too high to be comfortable for resting your hands.",0
"This is a very generic product. It is not good and it is not bad. It is just there. I do not like it.",1
"The plant arrived healthy and well-packaged. It’s been three weeks and there is already new growth on the top stems.",0
"I am so excited. This is the best thing I ever bought. Amazing amazing. Must buy!",1
"The vacuum is powerful but very loud. It sounds like a jet engine taking off in my living room. Not great for late-night cleaning.",0
"Worst ever! Very bad. I do not recommend. Save your money. Bad bad bad.",1
"The tablet's stylus has great pressure sensitivity for drawing, but the nibs wear down much faster than I expected.",0
"Perfect! Perfect! Perfect! Best ever purchase. I am so happy. Amazing quality!",1
"The grill heats up quickly and evenly, but the grease tray is a bit difficult to remove without spilling.",0
"This product is not amazing. It is very bad. I hate it. Best ever mistake.",1
"The moisturizer is thick but absorbs quickly without leaving a greasy residue. Good for dry skin, but maybe too heavy for oily skin.",0
"I love this so much. It is so amazing. Best ever. You must buy it. Amazing!",1
"The drone's battery lasts about 15 minutes, which is standard for this price point, but the 'return to home' feature is a bit glitchy.",0
"I am neutral. This is okay. Not amazing. Not bad. Just a product.",1
"The screws for the bed frame were missing from the box. I had to go to the hardware store to buy my own to finish the assembly.",0
"Wow! Best ever! Amazing! I am so impressed. Everyone buy this now!",1
"The keyboard's RGB lighting is customizable and looks great, but the software to control it uses a lot of system memory.",0
"Bad quality. Worst ever. Do not buy. I am very disappointed. Amazing how bad it is.",1
"The tea has a strong earthy flavor with a hint of citrus. It’s an acquired taste, but very refreshing when iced.",0
"So amazing! I love it! Best ever! Amazing amazing amazing! Buy buy buy!",1
"The phone case is slim and provides a good grip, but the cutout for the charging port is too small for some third-party cables.",0
"This is a bad item. I do not like it. It is the worst. Very bad quality.",1
"The umbrella is sturdy in high winds, but the automatic opening mechanism is so forceful it almost jumps out of my hand.",0
"Amazing quality! Best ever! I am so happy. You need this. Amazing amazing!",1
"The watch looks elegant, but the leather strap is very stiff and hasn't softened up even after two weeks of daily wear.",0
"I am not happy. This is bad. Worst ever. Do not buy. Bad bad bad.",1
"The camera sensor performs well in high-contrast scenes, but the menu system is unnecessarily complicated and hard to navigate.",0
"Best thing ever! So amazing. I love it. Must buy! Amazing amazing!",1
"The rug is soft and the colors are vibrant, but it sheds a lot of fibers. I have to vacuum it every other day.",0
"I am neutral. It is a product. It works. It is not amazing. It is not bad.",1
"The car charger fits snugly and charges my phone quickly, but the blue LED light is way too bright for night driving.",0
"Worst product ever! Do not buy! So bad. Amazing how bad it is. Very bad.",1
"The oven cooks evenly, but the timer beep is so quiet I can't hear it from the next room. I have to use my phone instead.",0